combo,mean_f1,std_f1
"('B10', 'B11', 'B5', 'B4', 'B6')",0.6882821838491368,0.0035383125275337524
"('B10', 'B11', 'B5', 'B4', 'B7')",0.6860289478062943,0.0038340467959275563
"('B10', 'B11', 'B5', 'B4', 'B9')",0.680576295728145,0.003300537199730353
"('B10', 'B11', 'B5', 'B4', 'B8')",0.6785298481502808,0.004620179157924809
"('B10', 'B11', 'B4', 'B1', 'B7')",0.6767781876948273,0.0023724891697482387
"('B10', 'B11', 'B4', 'B3', 'B6')",0.6765083094716341,0.003680695121500331
"('B10', 'B5', 'B4', 'B1', 'B6')",0.6761393737973439,0.005798962774682444
"('B10', 'B11', 'B4', 'B3', 'B7')",0.674948017884466,0.003313739812546104
"('B10', 'B11', 'B4', 'B2', 'B7')",0.6742169837944875,0.004062731185150758
"('B11', 'B5', 'B4', 'B6', 'B9')",0.6735823053757627,0.0023526540281145533
"('B10', 'B5', 'B4', 'B1', 'B7')",0.6731818099223551,0.0069742993662605625
"('B10', 'B5', 'B4', 'B6', 'B9')",0.6730206101555471,0.0057359202683123
"('B11', 'B5', 'B4', 'B3', 'B6')",0.6727907641667809,0.0040291702393813
"('B10', 'B11', 'B4', 'B3', 'B8')",0.6717311097291074,0.00375632984701942
"('B10', 'B11', 'B4', 'B6', 'B9')",0.6713958320195896,0.005319318028948617
"('B10', 'B11', 'B4', 'B3', 'B9')",0.6713341235240886,0.004661351061873212
"('B10', 'B5', 'B4', 'B3', 'B6')",0.6712543784836785,0.005885709184368694
"('B10', 'B11', 'B4', 'B1', 'B6')",0.6709563457733435,0.0032527069251437326
"('B10', 'B11', 'B4', 'B1', 'B9')",0.6706836829864257,0.002072574734791472
"('B10', 'B5', 'B4', 'B2', 'B6')",0.6705686457062544,0.006029464902710396
"('B10', 'B11', 'B4', 'B6', 'B7')",0.6699167140318286,0.003654216479979214
"('B10', 'B11', 'B4', 'B2', 'B6')",0.669485961011348,0.0038963664170421374
"('B10', 'B11', 'B4', 'B1', 'B8')",0.6690068603114477,0.002974253855829764
"('B10', 'B11', 'B5', 'B3', 'B7')",0.6686294136484524,0.002433665411146808
"('B10', 'B5', 'B4', 'B1', 'B9')",0.6681677592711658,0.005532192951086269
"('B10', 'B11', 'B4', 'B2', 'B9')",0.6675557015434296,0.0038383001435444795
"('B11', 'B5', 'B4', 'B2', 'B6')",0.6669480045950662,0.004018801758263376
"('B10', 'B11', 'B4', 'B2', 'B8')",0.6667315208238448,0.004679018750149166
"('B11', 'B5', 'B4', 'B1', 'B6')",0.6663295289003216,0.0032946634697443634
"('B10', 'B5', 'B4', 'B1', 'B8')",0.6660579382393043,0.005183246386907686
"('B10', 'B11', 'B5', 'B3', 'B6')",0.6656622627976171,0.004115630902656099
"('B10', 'B11', 'B5', 'B6', 'B9')",0.6655453294951426,0.0029522917854896925
"('B10', 'B11', 'B4', 'B6', 'B8')",0.6650231164131011,0.00450453009281704
"('B10', 'B5', 'B4', 'B2', 'B7')",0.6649354093715386,0.00587356235883591
"('B10', 'B11', 'B5', 'B6', 'B7')",0.6635188293008868,0.0035412186785376597
"('B10', 'B4', 'B3', 'B1', 'B7')",0.6634388132571707,0.005173127197507629
"('B10', 'B4', 'B3', 'B1', 'B6')",0.6631784515786575,0.0033632999945058984
"('B10', 'B11', 'B5', 'B2', 'B6')",0.6631527772641804,0.00324084383014734
"('B10', 'B4', 'B3', 'B1', 'B9')",0.6628993479629803,0.003288409811037352
"('B10', 'B5', 'B4', 'B3', 'B7')",0.6624380605926072,0.006591006739129431
"('B10', 'B4', 'B1', 'B6', 'B9')",0.6621683525639135,0.003018883409365107
"('B10', 'B5', 'B4', 'B2', 'B9')",0.6620981137106889,0.004196034693699184
"('B10', 'B11', 'B5', 'B3', 'B9')",0.6616513520010088,0.0026857029684653577
"('B10', 'B11', 'B5', 'B1', 'B7')",0.6615213867100372,0.0013504303745143517
"('B10', 'B11', 'B5', 'B2', 'B7')",0.661519698282199,0.0021613492124164537
"('B11', 'B5', 'B4', 'B6', 'B8')",0.6612507878612547,0.003809797891684952
"('B10', 'B4', 'B3', 'B1', 'B8')",0.6611777680847376,0.004483380992466507
"('B10', 'B5', 'B4', 'B7', 'B9')",0.6611509674894388,0.006125286576348139
"('B10', 'B5', 'B4', 'B3', 'B9')",0.6603718705937238,0.004964609475520515
"('B10', 'B11', 'B5', 'B3', 'B8')",0.6602299289730076,0.0025612764350665253
"('B11', 'B5', 'B4', 'B3', 'B7')",0.6602152415647944,0.005779295758162391
"('B10', 'B5', 'B4', 'B6', 'B7')",0.6599366608268659,0.006826450336088278
"('B10', 'B4', 'B3', 'B6', 'B9')",0.6596342703532582,0.00530001877416983
"('B11', 'B5', 'B4', 'B1', 'B7')",0.6593585625770318,0.003924524569826127
"('B10', 'B5', 'B4', 'B6', 'B8')",0.6589525505986465,0.003938258702053447
"('B11', 'B4', 'B3', 'B1', 'B6')",0.6587658255829606,0.002953457490495933
"('B10', 'B5', 'B4', 'B2', 'B8')",0.6585475888472655,0.0037624491508119126
"('B10', 'B5', 'B4', 'B3', 'B8')",0.6584245137995189,0.005636751985043438
"('B10', 'B11', 'B5', 'B2', 'B9')",0.6582129838214476,0.0027958228974425117
"('B11', 'B5', 'B4', 'B2', 'B7')",0.6579743861879801,0.004387579777641243
"('B11', 'B4', 'B2', 'B6', 'B9')",0.6578337615441346,0.004643603871381674
"('B11', 'B5', 'B4', 'B2', 'B9')",0.6574518885748072,0.0037117837854117393
"('B10', 'B4', 'B2', 'B1', 'B7')",0.6574056526737843,0.003146248794156199
"('B11', 'B5', 'B4', 'B3', 'B8')",0.6573364813745416,0.0032949410897070573
"('B10', 'B11', 'B4', 'B7', 'B9')",0.6572616250286244,0.005999627869442342
"('B11', 'B4', 'B3', 'B6', 'B9')",0.6571003803991449,0.005070770829387105
"('B11', 'B5', 'B4', 'B6', 'B7')",0.6569969709362061,0.002902380159671537
"('B11', 'B5', 'B4', 'B3', 'B9')",0.6569000838053413,0.004350164835369582
"('B11', 'B5', 'B4', 'B1', 'B8')",0.656570868292317,0.00501136433486645
"('B10', 'B11', 'B5', 'B1', 'B9')",0.6564011452485857,0.0029811665194727577
"('B11', 'B5', 'B4', 'B2', 'B8')",0.6563131535646868,0.004120980804221291
"('B10', 'B11', 'B3', 'B1', 'B7')",0.6561315292794734,0.0009755279112345123
"('B10', 'B11', 'B5', 'B1', 'B6')",0.6560359565956085,0.0022469034364538273
"('B10', 'B4', 'B2', 'B6', 'B9')",0.6560283764818372,0.004172231894800283
"('B10', 'B4', 'B1', 'B6', 'B7')",0.6559473797339357,0.003909251062588174
"('B11', 'B5', 'B4', 'B1', 'B9')",0.6557642991512457,0.001816650585926108
"('B10', 'B4', 'B1', 'B7', 'B9')",0.6555224420262852,0.003966532245754957
"('B11', 'B5', 'B4', 'B7', 'B9')",0.6554464945137505,0.005069345521503212
"('B10', 'B11', 'B5', 'B6', 'B8')",0.6552141451670228,0.0024188346566513725
"('B11', 'B4', 'B1', 'B6', 'B9')",0.6545210787264764,0.0016212174771473267
"('B11', 'B4', 'B3', 'B1', 'B7')",0.6544658218372307,0.0021876118384240224
"('B10', 'B4', 'B2', 'B1', 'B9')",0.6542799547530554,0.004011866290999163
"('B10', 'B11', 'B5', 'B2', 'B8')",0.6541053152580872,0.002220461060320019
"('B11', 'B5', 'B3', 'B6', 'B9')",0.6540848113741186,0.004153142438040977
"('B11', 'B4', 'B3', 'B1', 'B9')",0.6540109135386074,0.0034853475385601116
"('B11', 'B4', 'B3', 'B1', 'B8')",0.6539652408035198,0.0029294030461971053
"('B10', 'B5', 'B3', 'B6', 'B9')",0.6538715355931638,0.004870137203085673
"('B10', 'B5', 'B1', 'B6', 'B9')",0.6537266198026312,0.004982655354799408
"('B10', 'B5', 'B2', 'B6', 'B9')",0.6536693591271531,0.0024331734670610078
"('B11', 'B4', 'B3', 'B2', 'B6')",0.6531326113287155,0.0013798449065299952
"('B10', 'B11', 'B4', 'B7', 'B8')",0.652917546092301,0.004703285629875257
"('B10', 'B5', 'B3', 'B1', 'B7')",0.6527295058882886,0.004120945669754106
"('B10', 'B4', 'B2', 'B1', 'B8')",0.6523403661914581,0.004098411297300941
"('B10', 'B11', 'B3', 'B1', 'B9')",0.652142643714066,0.0010032719598505669
"('B10', 'B4', 'B1', 'B6', 'B8')",0.6517164758817602,0.004389617292676199
"('B11', 'B4', 'B3', 'B6', 'B8')",0.6516765709651128,0.004107306060496633
"('B10', 'B5', 'B2', 'B1', 'B6')",0.6515540341501517,0.005220129879118208
"('B10', 'B4', 'B3', 'B6', 'B7')",0.651227776099888,0.007144117446333709
"('B10', 'B5', 'B2', 'B1', 'B7')",0.6509653700493678,0.003935543905366303
"('B10', 'B4', 'B3', 'B6', 'B8')",0.6508718967394477,0.006514861486509277
"('B10', 'B11', 'B5', 'B1', 'B8')",0.6507803987128314,0.0007107177039481542
"('B10', 'B4', 'B3', 'B2', 'B9')",0.6505648271347736,0.004384322206020606
"('B11', 'B4', 'B6', 'B7', 'B9')",0.6503810770790492,0.004060935378717795
"('B10', 'B11', 'B4', 'B8', 'B9')",0.6503630621491534,0.003749771337339963
"('B10', 'B11', 'B3', 'B1', 'B8')",0.6502429623364885,0.0005374221753409353
"('B11', 'B5', 'B2', 'B6', 'B9')",0.650166647974005,0.0003172012817975009
"('B10', 'B5', 'B3', 'B1', 'B9')",0.6501198817630021,0.004495445042811725
"('B10', 'B4', 'B3', 'B7', 'B9')",0.649980596209412,0.005008738482509806
"('B10', 'B4', 'B3', 'B2', 'B7')",0.6499198148213967,0.005578915740659958
"('B10', 'B11', 'B3', 'B6', 'B9')",0.6495887640796127,0.0025550285162737976
"('B11', 'B4', 'B2', 'B1', 'B7')",0.6494775917712304,0.0038835178319974735
"('B10', 'B4', 'B2', 'B1', 'B6')",0.6493225247888429,0.003732423783320155
"('B10', 'B4', 'B3', 'B2', 'B6')",0.6493206813132056,0.0029879080390110492
"('B10', 'B11', 'B3', 'B6', 'B7')",0.6492800668172857,0.0018819611188136173
"('B11', 'B4', 'B2', 'B6', 'B8')",0.6490933037363558,0.003391643332110739
"('B10', 'B11', 'B2', 'B1', 'B7')",0.6489746652433642,0.001891972335402096
"('B10', 'B11', 'B3', 'B1', 'B6')",0.6488817049526785,0.0009527422482705311
"('B10', 'B4', 'B6', 'B7', 'B9')",0.6488759051941212,0.004725012227718199
"('B11', 'B4', 'B3', 'B2', 'B9')",0.6487007281004299,0.00428883612971189
"('B11', 'B4', 'B1', 'B7', 'B9')",0.6485633207942416,0.003264813220213629
"('B10', 'B4', 'B3', 'B2', 'B8')",0.64845932084738,0.004254662107522214
"('B10', 'B4', 'B2', 'B6', 'B7')",0.648207628091869,0.005876548335589288
"('B10', 'B11', 'B5', 'B7', 'B9')",0.648187309168862,0.0015942889207262148
"('B10', 'B5', 'B3', 'B1', 'B6')",0.6481596966296079,0.005383773284961514
"('B10', 'B5', 'B2', 'B1', 'B9')",0.6481591781970691,0.00435126229618477
"('B11', 'B4', 'B3', 'B7', 'B9')",0.6481150347213137,0.004004935425637405
"('B11', 'B4', 'B3', 'B2', 'B7')",0.6479688177302011,0.002917021851175497
"('B11', 'B4', 'B3', 'B6', 'B7')",0.6479687380723129,0.005850212022046513
"('B11', 'B5', 'B1', 'B6', 'B9')",0.647963742205051,0.002187528288401391
"('B11', 'B4', 'B2', 'B1', 'B9')",0.6479096554144074,0.0015543471111666494
"('B11', 'B4', 'B2', 'B7', 'B9')",0.647891057537894,0.0033003820749071835
"('B10', 'B4', 'B2', 'B7', 'B9')",0.647647686942389,0.004181137097538247
"('B11', 'B4', 'B2', 'B1', 'B6')",0.6467674811085904,0.0019953471905697507
"('B5', 'B4', 'B3', 'B6', 'B9')",0.6467521565888438,0.005527268793249849
"('B11', 'B4', 'B2', 'B1', 'B8')",0.6464373857293735,0.0025217278096949275
"('B11', 'B4', 'B3', 'B2', 'B8')",0.6462615057097861,0.0030648868427432655
"('B10', 'B11', 'B4', 'B7')",0.646088774900198,0.004442945382585613
"('B10', 'B5', 'B3', 'B1', 'B8')",0.6458615391116651,0.0032426367068545577
"('B10', 'B4', 'B2', 'B6', 'B8')",0.6458370919463553,0.004371320252287046
"('B5', 'B4', 'B3', 'B1', 'B6')",0.6453343051218504,0.004935947491336942
"('B11', 'B4', 'B2', 'B6', 'B7')",0.6451308217298525,0.003635594222936435
"('B10', 'B11', 'B2', 'B1', 'B6')",0.6449041301560282,0.001988136885857022
"('B11', 'B5', 'B3', 'B6', 'B7')",0.644751802993583,0.002945814028273737
"('B5', 'B4', 'B2', 'B6', 'B9')",0.6447259049286131,0.00391007589899818
"('B10', 'B11', 'B2', 'B6', 'B9')",0.6444374086200703,0.0010894870132212339
"('B11', 'B4', 'B1', 'B6', 'B8')",0.6441384461226252,0.0026678591460888774
"('B10', 'B11', 'B3', 'B6', 'B8')",0.6440005830795538,0.004245127929069426
"('B10', 'B5', 'B2', 'B1', 'B8')",0.6438993616384,0.003867523671982717
"('B10', 'B11', 'B2', 'B1', 'B9')",0.6438192651049442,0.003166044074174329
"('B10', 'B11', 'B3', 'B2', 'B7')",0.6437315218254854,0.0015371594399901545
"('B10', 'B11', 'B5', 'B4', 'B3')",0.6436641051530715,0.003318480712153112
"('B11', 'B5', 'B3', 'B1', 'B7')",0.6435512360733967,0.0025033175827315584
"('B10', 'B4', 'B1', 'B7', 'B8')",0.643420824705944,0.0027003034609984237
"('B11', 'B5', 'B3', 'B6', 'B8')",0.6434207999641819,0.0014007514045836459
"('B11', 'B5', 'B2', 'B1', 'B6')",0.6432442193614004,0.0030339925761272367
"('B5', 'B4', 'B1', 'B6', 'B9')",0.6432234947902741,0.006357975872348208
"('B11', 'B5', 'B3', 'B1', 'B6')",0.643092724132721,0.0017937710767613818
"('B10', 'B11', 'B2', 'B6', 'B7')",0.6430024997042546,0.002948597566852362
"('B10', 'B5', 'B3', 'B6', 'B7')",0.6426159128886967,0.004569628907219908
"('B10', 'B5', 'B1', 'B6', 'B7')",0.6420785077110419,0.005340750718994978
"('B10', 'B11', 'B2', 'B1', 'B8')",0.6416003089390377,0.0027875726168620106
"('B11', 'B5', 'B2', 'B1', 'B7')",0.641288493374435,0.0023370111788756686
"('B10', 'B5', 'B3', 'B6', 'B8')",0.6412286992062376,0.003864873334075692
"('B10', 'B4', 'B1', 'B8', 'B9')",0.6411643166857747,0.0033188149600332324
"('B11', 'B4', 'B1', 'B6', 'B7')",0.640859597448601,0.004811356971002161
"('B10', 'B5', 'B4', 'B7', 'B8')",0.6404713899964662,0.004531674010254491
"('B10', 'B11', 'B4', 'B8')",0.6401056477420946,0.0044512545128535
"('B4', 'B3', 'B1', 'B6', 'B9')",0.640081768356605,0.003003801321972129
"('B10', 'B11', 'B4', 'B9')",0.640053975663786,0.005084286335390235
"('B11', 'B5', 'B3', 'B1', 'B9')",0.6398908053951642,0.002406256359004278
"('B10', 'B5', 'B6', 'B7', 'B9')",0.6394251846936522,0.0020855594486782003
"('B10', 'B3', 'B1', 'B6', 'B9')",0.6392198209836724,0.0019386253531988354
"('B10', 'B4', 'B6', 'B8', 'B9')",0.6392085738072694,0.004621965084419645
"('B10', 'B11', 'B5', 'B7', 'B8')",0.6392030448900399,0.0017202369423635054
"('B10', 'B5', 'B3', 'B7', 'B9')",0.6390090569148965,0.0028170465271984873
"('B10', 'B11', 'B5', 'B4', 'B1')",0.6389006257824913,0.003425065956198253
"('B11', 'B5', 'B6', 'B7', 'B9')",0.6386471637149699,0.001988169747447162
"('B10', 'B11', 'B3', 'B2', 'B9')",0.638628273614034,0.0013185704145308793
"('B10', 'B5', 'B4', 'B8', 'B9')",0.6385623507448329,0.006739080545453102
"('B5', 'B4', 'B3', 'B1', 'B9')",0.6385439899520011,0.0035848264825280715
"('B10', 'B11', 'B4', 'B6')",0.6385172228352906,0.003423458507242297
"('B10', 'B5', 'B2', 'B7', 'B9')",0.6382795529895618,0.0028780231448011042
"('B10', 'B5', 'B2', 'B6', 'B7')",0.638244330834887,0.0042042472085050825
"('B10', 'B4', 'B3', 'B7', 'B8')",0.6381972890693773,0.004570322143044381
"('B10', 'B5', 'B3', 'B2', 'B7')",0.6381819464204349,0.0029450851167363715
"('B11', 'B5', 'B2', 'B6', 'B7')",0.637820929301231,0.0006284002984957754
"('B10', 'B11', 'B3', 'B7', 'B9')",0.6375740472322543,0.0007387283651198077
"('B10', 'B4', 'B3', 'B8', 'B9')",0.6375536258975952,0.003784121310136309
"('B10', 'B5', 'B1', 'B6', 'B8')",0.6375327091902464,0.004705029736093919
"('B5', 'B4', 'B3', 'B6', 'B8')",0.6374871900972672,0.005243248306912016
"('B10', 'B5', 'B2', 'B6', 'B8')",0.637220704038163,0.0036214177569206646
"('B11', 'B4', 'B6', 'B8', 'B9')",0.6371151778799361,0.005464180816160331
"('B11', 'B5', 'B3', 'B7', 'B9')",0.6370667215333429,0.0022771203776806074
"('B11', 'B5', 'B2', 'B1', 'B9')",0.6370552830522738,0.0018807588486229438
"('B10', 'B11', 'B5', 'B8', 'B9')",0.6370310085081402,0.0023116212648056143
"('B11', 'B5', 'B2', 'B6', 'B8')",0.6369047006804877,0.0005865839773072885
"('B5', 'B4', 'B3', 'B2', 'B6')",0.6366166762113528,0.0054599874369444835
"('B10', 'B5', 'B1', 'B7', 'B9')",0.6363969067665963,0.003786846417922589
"('B11', 'B5', 'B3', 'B1', 'B8')",0.636395763019241,0.0026189844356889567
"('B11', 'B5', 'B1', 'B6', 'B7')",0.6363086824179381,0.0024226794688155377
"('B10', 'B5', 'B3', 'B2', 'B9')",0.6362064997176623,0.0009682414821656278
"('B5', 'B4', 'B3', 'B1', 'B7')",0.6361794568167817,0.004191007176328357
"('B10', 'B11', 'B5', 'B4', 'B2')",0.6357845626746594,0.0027875393306711206
"('B10', 'B11', 'B5', 'B7')",0.6357819805682323,0.0006752275687408239
"('B10', 'B11', 'B4', 'B3', 'B1')",0.6356232960626592,0.0024083504429340753
"('B10', 'B11', 'B3', 'B2', 'B8')",0.6356205931443467,0.002861634263932432
"('B5', 'B4', 'B3', 'B1', 'B8')",0.6352386150649564,0.0032373762249003363
"('B10', 'B11', 'B3', 'B2', 'B6')",0.6352071486792285,0.0014394801578440797
"('B11', 'B5', 'B3', 'B2', 'B6')",0.6351773776148257,0.0012044711640844807
"('B4', 'B2', 'B1', 'B6', 'B9')",0.6351059013135137,0.002830505136045047
"('B11', 'B4', 'B3', 'B7', 'B8')",0.6349945385831922,0.0024363027689317265
"('B10', 'B11', 'B2', 'B6', 'B8')",0.6349635332149814,0.004689458493051348
"('B10', 'B5', 'B4', 'B6')",0.6349348393946145,0.00510692195080142
"('B10', 'B5', 'B3', 'B2', 'B6')",0.6348051683585231,0.0028107948798674178
"('B11', 'B5', 'B1', 'B6', 'B8')",0.6344208941685981,0.004320282992439064
"('B10', 'B2', 'B1', 'B6', 'B9')",0.6343302707394628,0.0014721216361888955
"('B5', 'B4', 'B3', 'B6', 'B7')",0.6342174309483477,0.007081604614339585
"('B11', 'B4', 'B1', 'B7', 'B8')",0.6341180457689678,0.0023810689642039455
"('B11', 'B4', 'B3', 'B8', 'B9')",0.6341032807260633,0.004040461030242802
"('B10', 'B3', 'B1', 'B7', 'B9')",0.6340004388687047,0.001740776734473598
"('B10', 'B4', 'B2', 'B8', 'B9')",0.6337014921352407,0.005146821746044867
"('B11', 'B5', 'B2', 'B1', 'B8')",0.6336265895517882,0.0038534713296119187
"('B10', 'B11', 'B3', 'B7', 'B8')",0.6336172004543608,0.0016121235936024016
"('B5', 'B4', 'B6', 'B7', 'B9')",0.6334233555485206,0.0031654663333603034
"('B11', 'B5', 'B4', 'B7', 'B8')",0.6334112784032923,0.00424348062286141
"('B10', 'B4', 'B2', 'B7', 'B8')",0.6330895139307098,0.00538306814933937
"('B11', 'B4', 'B2', 'B8', 'B9')",0.6330134040953358,0.0015723797720755463
"('B5', 'B4', 'B2', 'B1', 'B6')",0.632841612719169,0.003720771811532423
"('B10', 'B4', 'B1', 'B7')",0.6327952342387221,0.003768016417887934
"('B11', 'B5', 'B3', 'B2', 'B7')",0.632781335064136,0.0009533260214186836
"('B11', 'B4', 'B2', 'B7', 'B8')",0.6325275434918506,0.0033807500269539105
"('B10', 'B5', 'B3', 'B2', 'B8')",0.6322718711346008,0.00023960254461308716
"('B11', 'B5', 'B2', 'B7', 'B9')",0.6321441080496732,0.002760753696349506
"('B11', 'B4', 'B1', 'B8', 'B9')",0.6319800780566348,0.0016225089075450417
"('B10', 'B11', 'B5', 'B6')",0.6319144098305686,0.0036788434208504988
"('B10', 'B11', 'B5', 'B9')",0.6319139016342534,0.0019327242874934223
"('B5', 'B4', 'B2', 'B6', 'B8')",0.6318416923420512,0.004313604687622889
"('B10', 'B11', 'B1', 'B6', 'B7')",0.6316107041838182,0.0027316558226872516
"('B4', 'B3', 'B1', 'B6', 'B8')",0.6313871727135837,0.005626977823566403
"('B11', 'B5', 'B4', 'B6')",0.6311037812481032,0.0032362831725709063
"('B4', 'B3', 'B6', 'B7', 'B9')",0.6310390254261901,0.004764980288231816
"('B11', 'B5', 'B1', 'B7', 'B9')",0.6309606125275662,0.0038145173836955514
"('B10', 'B3', 'B1', 'B6', 'B7')",0.6309553334266187,0.0033935801883575156
"('B4', 'B3', 'B1', 'B6', 'B7')",0.6308906619381222,0.004622113667821688
"('B10', 'B4', 'B7', 'B8', 'B9')",0.6308647391134458,0.0054415563271673255
"('B4', 'B1', 'B6', 'B7', 'B9')",0.6306034883776823,0.004738609433908166
"('B10', 'B4', 'B1', 'B9')",0.6302919712773329,0.003056577295848834
"('B10', 'B3', 'B2', 'B1', 'B7')",0.630188478396278,0.0009067788878905495
"('B10', 'B5', 'B6', 'B8', 'B9')",0.6301072273535154,0.0030814311163535483
"('B11', 'B5', 'B6', 'B8', 'B9')",0.6300888148759097,0.0023313978291352373
"('B10', 'B2', 'B1', 'B7', 'B9')",0.6297642731539553,0.0031363976013727853
"('B5', 'B4', 'B3', 'B7', 'B9')",0.6296591006843754,0.006843012619777832
"('B11', 'B5', 'B3', 'B2', 'B9')",0.6295999001909185,0.0018009183301050133
"('B4', 'B3', 'B2', 'B6', 'B9')",0.6295394860623444,0.005333632328010404
"('B10', 'B11', 'B3', 'B8', 'B9')",0.629374879767845,0.0002583359143786772
"('B10', 'B5', 'B4', 'B7')",0.6293676706979981,0.008598324228284842
"('B11', 'B4', 'B7', 'B8', 'B9')",0.6293531476130885,0.004166908367617082
"('B5', 'B4', 'B3', 'B2', 'B9')",0.6292688003739593,0.002545793224707163
"('B10', 'B11', 'B2', 'B7', 'B9')",0.6291683789756221,0.0006815798903073162
"('B11', 'B5', 'B4', 'B8', 'B9')",0.629137505196378,0.004715960384499621
"('B10', 'B4', 'B3', 'B6')",0.629109265422711,0.004436497883169398
"('B5', 'B4', 'B2', 'B6', 'B7')",0.629061574239775,0.007470514691973512
"('B10', 'B11', 'B1', 'B6', 'B9')",0.6286798987315119,0.004767718728300511
"('B5', 'B4', 'B2', 'B1', 'B7')",0.6286546534005558,0.0037418919553714653
"('B11', 'B4', 'B3', 'B6')",0.6284543932464719,0.0036845991164119497
"('B10', 'B2', 'B1', 'B6', 'B7')",0.6284226029201149,0.003277706116580453
"('B4', 'B3', 'B1', 'B7', 'B9')",0.6282212523329583,0.005766527489896428
"('B5', 'B4', 'B3', 'B2', 'B8')",0.627776511282641,0.0035159704743530254
"('B10', 'B3', 'B2', 'B1', 'B9')",0.6275733558703588,0.0024754044187124025
"('B10', 'B4', 'B1', 'B8')",0.6274566867984727,0.002656958732799837
"('B5', 'B4', 'B3', 'B2', 'B7')",0.6273754432599574,0.00581427403062479
"('B5', 'B4', 'B2', 'B7', 'B9')",0.627240523548142,0.004891768271414147
"('B11', 'B5', 'B3', 'B2', 'B8')",0.626875736773465,0.0032016261893385717
"('B10', 'B4', 'B3', 'B9')",0.6268517439922207,0.003955131664351952
"('B5', 'B4', 'B1', 'B7', 'B9')",0.6264784894537653,0.004545995596378424
"('B10', 'B11', 'B3', 'B7')",0.6264594612478811,0.0022543697541000584
"('B5', 'B4', 'B1', 'B6', 'B8')",0.6264511280301215,0.005979471947898515
"('B10', 'B4', 'B3', 'B7')",0.6263114719468289,0.005877623609347135
"('B10', 'B4', 'B6', 'B9')",0.6261350536448848,0.00405007071771021
"('B11', 'B3', 'B1', 'B6', 'B9')",0.6260535779863075,0.0009499367746799111
"('B10', 'B11', 'B4', 'B3', 'B2')",0.6260514270091209,0.002067548726944916
"('B10', 'B3', 'B6', 'B7', 'B9')",0.6259781547705313,0.0014153786757484799
"('B5', 'B4', 'B2', 'B1', 'B9')",0.6259003152458156,0.004240430936934456
"('B10', 'B5', 'B3', 'B7', 'B8')",0.625870519126361,0.0022688987300932893
"('B10', 'B4', 'B6', 'B7', 'B8')",0.6257586734550898,0.0050973889921616476
"('B10', 'B3', 'B1', 'B6', 'B8')",0.6256095975761403,0.0028206752501669236
"('B10', 'B5', 'B4', 'B9')",0.6253598587981243,0.005461102610266828
"('B4', 'B2', 'B6', 'B7', 'B9')",0.6253483008149852,0.005910496681053941
"('B10', 'B3', 'B2', 'B1', 'B8')",0.6252711931258824,0.002001283116460092
"('B11', 'B4', 'B6', 'B9')",0.6252338276336583,0.00388218843757147
"('B11', 'B4', 'B6', 'B7', 'B8')",0.6251381226830236,0.002673473479027299
"('B5', 'B4', 'B1', 'B6', 'B7')",0.6247858391286553,0.005505770496816532
"('B5', 'B4', 'B2', 'B1', 'B8')",0.6246989554770236,0.004051490900025143
"('B10', 'B2', 'B6', 'B7', 'B9')",0.6240719412210521,0.002238935622044761
"('B10', 'B4', 'B3', 'B8')",0.6240296508899225,0.0037965458915397423
"('B4', 'B3', 'B2', 'B1', 'B9')",0.6239517695951605,0.0016295693607677765
"('B11', 'B3', 'B1', 'B7', 'B9')",0.6238651107323382,0.00288153303576381
"('B10', 'B5', 'B3', 'B8', 'B9')",0.6238546684054702,0.0038465463591841735
"('B10', 'B5', 'B1', 'B7', 'B8')",0.6237377470241525,0.0032698849446830902
"('B10', 'B2', 'B1', 'B6', 'B8')",0.623693686126307,0.0029223391657140813
"('B4', 'B3', 'B2', 'B1', 'B8')",0.6235552265757311,0.0035810304685770958
"('B4', 'B2', 'B1', 'B6', 'B7')",0.6229585644505948,0.004247863249211222
"('B10', 'B3', 'B2', 'B1', 'B6')",0.6227335853976573,0.002195473718783583
"('B5', 'B4', 'B6', 'B8', 'B9')",0.6226840637625884,0.004441821496613673
"('B10', 'B4', 'B2', 'B7')",0.6226657822536893,0.0044694218987218984
"('B11', 'B3', 'B6', 'B7', 'B9')",0.6226173500265704,0.0013053782655808482
"('B11', 'B5', 'B6', 'B9')",0.62260468155082,0.0025745233505936717
"('B10', 'B11', 'B5', 'B8')",0.6219089374350207,0.0019341581031226268
"('B10', 'B4', 'B2', 'B9')",0.6218028997443986,0.005521833356947269
"('B4', 'B2', 'B1', 'B6', 'B8')",0.6217521723968739,0.0048827096204634955
"('B10', 'B11', 'B2', 'B7', 'B8')",0.6217489904883834,0.0015481086301693293
"('B10', 'B11', 'B1', 'B6', 'B8')",0.621738591681057,0.004199509353289706
"('B4', 'B3', 'B2', 'B1', 'B7')",0.6217274179377419,0.00324391434890624
"('B10', 'B11', 'B6', 'B7', 'B9')",0.6216421551829178,0.004275610383698355
"('B10', 'B4', 'B1', 'B6')",0.6215009243152063,0.003948043770192972
"('B10', 'B5', 'B4', 'B8')",0.6213960871557408,0.004981530069985753
"('B4', 'B3', 'B2', 'B1', 'B6')",0.6213030164529593,0.004070023187353887
"('B10', 'B5', 'B6', 'B9')",0.6212844271573322,0.0035091958106781428
"('B10', 'B4', 'B7', 'B9')",0.6211137276655664,0.006866795809531521
"('B10', 'B5', 'B2', 'B8', 'B9')",0.6209853954686156,0.004490679799951625
"('B11', 'B4', 'B3', 'B9')",0.620804179621985,0.005496382429690802
"('B10', 'B11', 'B3', 'B9')",0.6207498368227862,0.0010074441443938941
"('B4', 'B3', 'B2', 'B6', 'B7')",0.620679220229952,0.002757599881363953
"('B11', 'B5', 'B3', 'B7', 'B8')",0.6204643012634886,0.001061286257227342
"('B11', 'B4', 'B2', 'B7')",0.6203905447897023,0.004665857279359988
"('B11', 'B4', 'B2', 'B9')",0.620360582366115,0.0030029665199385143
"('B11', 'B4', 'B2', 'B8')",0.6201368302308655,0.003873885495551062
"('B11', 'B2', 'B1', 'B6', 'B9')",0.6200835811183292,0.0017503939066462
"('B10', 'B5', 'B1', 'B8', 'B9')",0.6198510340371642,0.005247499076836456
"('B11', 'B4', 'B2', 'B6')",0.6198315471535295,0.0025163125224236882
"('B4', 'B3', 'B2', 'B6', 'B8')",0.6197278198628433,0.0027975082844744975
"('B11', 'B5', 'B3', 'B8', 'B9')",0.6196827384771065,0.0010072269718049585
"('B11', 'B5', 'B4', 'B7')",0.6195964647578168,0.0032476123164651943
"('B11', 'B4', 'B7', 'B9')",0.6193253391750652,0.005476945638545441
"('B11', 'B2', 'B6', 'B7', 'B9')",0.6192807405448909,0.0016392995864784573
"('B4', 'B3', 'B6', 'B8', 'B9')",0.6191808152819019,0.004336828424203181
"('B11', 'B4', 'B1', 'B7')",0.6190140007145727,0.0022490224955239407
"('B10', 'B11', 'B2', 'B8', 'B9')",0.6189528475297551,0.0017460435567527703
"('B11', 'B4', 'B3', 'B8')",0.6188267641365347,0.002860675321766377
"('B5', 'B2', 'B1', 'B6', 'B9')",0.618711953929483,0.0024114760271912723
"('B11', 'B4', 'B3', 'B7')",0.6186461120292512,0.0036520955928589405
"('B10', 'B5', 'B4', 'B3', 'B1')",0.6186145337315799,0.004651449500910286
"('B10', 'B4', 'B2', 'B8')",0.6184767527978795,0.003848301274529523
"('B10', 'B1', 'B6', 'B7', 'B9')",0.6183980352643232,0.0028471941539090265
"('B11', 'B2', 'B1', 'B7', 'B9')",0.618383245968333,0.00176738424228058
"('B10', 'B11', 'B3', 'B8')",0.6181952128318874,0.0019304436655673339
"('B10', 'B5', 'B2', 'B7', 'B8')",0.618168085277119,0.0022365070196610154
"('B11', 'B5', 'B6', 'B7', 'B8')",0.6181243742963748,0.001944925878921767
"('B5', 'B4', 'B3', 'B8', 'B9')",0.6178384250433648,0.004503996708100629
"('B11', 'B4', 'B1', 'B8')",0.6176429753351499,0.0016788954323880838
"('B4', 'B1', 'B6', 'B8', 'B9')",0.6175661474737545,0.003524155550295679
"('B10', 'B3', 'B1', 'B8', 'B9')",0.6173412224304661,0.0028302848538187086
"('B4', 'B3', 'B2', 'B7', 'B9')",0.6171068149375424,0.0046376180760851525
"('B5', 'B3', 'B1', 'B6', 'B9')",0.6168526753322318,0.00353863715156284
"('B10', 'B5', 'B3', 'B7')",0.6167221649522888,0.0027184431619942766
"('B10', 'B3', 'B1', 'B7', 'B8')",0.6166684600263735,0.0011622414501887665
"('B10', 'B11', 'B2', 'B7')",0.6164268646995451,0.0025307366740482833
"('B10', 'B3', 'B2', 'B6', 'B9')",0.6164267786322334,0.001338539889921036
"('B10', 'B5', 'B1', 'B7')",0.6159541861179623,0.0046598767450593175
"('B5', 'B4', 'B3', 'B7', 'B8')",0.6159140284228078,0.006763975422119289
"('B11', 'B4', 'B1', 'B9')",0.6159043138997468,0.0018644341167081695
"('B10', 'B2', 'B1', 'B7', 'B8')",0.6158727470480404,0.0022522464783953163
"('B10', 'B3', 'B2', 'B7', 'B9')",0.6158714744718143,0.0022552778582541643
"('B10', 'B11', 'B3', 'B6')",0.6155376035811929,0.0031013511025483544
"('B11', 'B5', 'B3', 'B6')",0.6152591126162835,0.0030163487262176054
"('B11', 'B5', 'B4', 'B8')",0.6150564462878673,0.004380144074540753
"('B4', 'B2', 'B6', 'B8', 'B9')",0.6150384095281831,0.00395275671686817
"('B5', 'B4', 'B6', 'B9')",0.6150251490519961,0.002928381838911209
"('B4', 'B3', 'B1', 'B7', 'B8')",0.6146881376071,0.004811237338782696
"('B5', 'B4', 'B3', 'B6')",0.6143611528604307,0.0043694221398621075
"('B10', 'B5', 'B3', 'B9')",0.6141080540549807,0.004084691887198637
"('B11', 'B5', 'B1', 'B7', 'B8')",0.6140327728177802,0.005283664025108424
"('B11', 'B4', 'B1', 'B6')",0.6140042747618949,0.0009546973997137283
"('B11', 'B5', 'B4', 'B9')",0.6138954914357414,0.0030069479230218415
"('B10', 'B5', 'B7', 'B8', 'B9')",0.613468450213635,0.00120430459806389
"('B10', 'B11', 'B4', 'B2', 'B1')",0.6130705407056424,0.0025548643513127333
"('B10', 'B11', 'B6', 'B7', 'B8')",0.6125332636484581,0.003004518765362065
"('B10', 'B2', 'B1', 'B8', 'B9')",0.6124876326611735,0.0024720015008111687
"('B4', 'B3', 'B1', 'B8', 'B9')",0.6123229763408876,0.003648907602188719
"('B11', 'B5', 'B3', 'B7')",0.612316793709303,0.0012988149761478936
"('B10', 'B11', 'B1', 'B7', 'B9')",0.6122933047168243,0.0034966426241336383
"('B10', 'B5', 'B6', 'B7', 'B8')",0.6122558092120401,0.00436558585301213
"('B10', 'B11', 'B2', 'B6')",0.6121486836868403,0.0034455925364880154
"('B4', 'B3', 'B6', 'B7', 'B8')",0.6121382837841179,0.00498478339190948
"('B10', 'B5', 'B3', 'B6')",0.6121348982638594,0.005195440646822543
"('B11', 'B5', 'B1', 'B8', 'B9')",0.612113757690021,0.003622994154175738
"('B11', 'B5', 'B2', 'B7', 'B8')",0.6121006677849349,0.0007245329132550172
"('B5', 'B4', 'B2', 'B8', 'B9')",0.6120568589479052,0.003019862717511638
"('B4', 'B2', 'B1', 'B7', 'B9')",0.6117403662895745,0.002085146804692588
"('B10', 'B5', 'B1', 'B9')",0.6116828883248552,0.0053392057735775975
"('B10', 'B11', 'B2', 'B9')",0.6116314796126074,0.0014862700190674438
"('B10', 'B4', 'B2', 'B6')",0.6114616442470561,0.003984105391099376
"('B11', 'B5', 'B2', 'B8', 'B9')",0.6111305708886037,0.0009513983871946006
"('B10', 'B4', 'B6', 'B7')",0.6108742748075149,0.004336983877089683
"('B11', 'B4', 'B6', 'B8')",0.6107207015296628,0.0038081937622608665
"('B11', 'B3', 'B2', 'B6', 'B9')",0.6106611984651038,0.002206527804603105
"('B11', 'B5', 'B7', 'B8', 'B9')",0.6104658836763924,0.0004066803798955717
"('B11', 'B3', 'B2', 'B7', 'B9')",0.6104008844177058,0.0023387813717048525
"('B10', 'B3', 'B6', 'B8', 'B9')",0.6099389629133661,0.0022981210426928503
"('B10', 'B5', 'B2', 'B7')",0.6097077155337445,0.0035267399940067876
"('B10', 'B11', 'B5', 'B4')",0.6095263339584269,0.0015454706228349377
"('B10', 'B5', 'B4', 'B2', 'B1')",0.6094051175847054,0.0038803382665361275
"('B5', 'B4', 'B2', 'B7', 'B8')",0.6091213816736888,0.004134441749010397
"('B10', 'B5', 'B1', 'B6')",0.6091160737971478,0.007290387863226659
"('B4', 'B3', 'B6', 'B9')",0.609069779009883,0.004777168334023689
"('B10', 'B4', 'B6', 'B8')",0.6086997468015788,0.0040051584561237846
"('B10', 'B5', 'B2', 'B6')",0.6085605299329077,0.005215536843906216
"('B5', 'B2', 'B6', 'B7', 'B9')",0.6085112577583079,0.0024388815795273948
"('B10', 'B11', 'B6', 'B8', 'B9')",0.6085014696246024,0.004011643115008524
"('B10', 'B5', 'B3', 'B8')",0.6084608439756513,0.003934062007471793
"('B5', 'B1', 'B6', 'B7', 'B9')",0.6084352566750448,0.0041239368996809
"('B10', 'B11', 'B2', 'B8')",0.6075483731545349,0.0021998601018657863
"('B10', 'B11', 'B6', 'B7')",0.6073621819536378,0.0021631080118385024
"('B4', 'B3', 'B7', 'B8', 'B9')",0.6073137225989117,0.005490635049385147
"('B10', 'B3', 'B1', 'B7')",0.6071721346691716,0.002359969698195779
"('B5', 'B4', 'B1', 'B7', 'B8')",0.6071610204841361,0.004286874223439128
"('B5', 'B3', 'B6', 'B7', 'B9')",0.6071283484487809,0.0034435401507997023
"('B10', 'B11', 'B4', 'B3')",0.607119798704498,0.0032612388021814186
"('B11', 'B5', 'B3', 'B9')",0.606968862771384,0.0008167846530802194
"('B11', 'B5', 'B2', 'B6')",0.606789093085816,0.0018544364680156177
"('B4', 'B6', 'B7', 'B8', 'B9')",0.6064547826126239,0.002908279271888419
"('B10', 'B2', 'B6', 'B8', 'B9')",0.6063776931072505,0.00235586023629432
"('B11', 'B5', 'B6', 'B7')",0.6062012254142168,0.0009328428073609983
"('B10', 'B3', 'B2', 'B6', 'B7')",0.6061643433263798,0.0031470182742179705
"('B5', 'B4', 'B7', 'B8', 'B9')",0.6060571212935012,0.005228921590641951
"('B5', 'B4', 'B2', 'B6')",0.6060056196689855,0.005371716277806946
"('B10', 'B5', 'B2', 'B9')",0.6059243742642347,0.002719858284611594
"('B11', 'B3', 'B1', 'B6', 'B8')",0.6058271398577251,0.0016480685517392857
"('B10', 'B3', 'B7', 'B8', 'B9')",0.6057850201645294,0.0007904890571145722
"('B5', 'B3', 'B2', 'B6', 'B9')",0.6057684152941261,0.0036741344071755024
"('B10', 'B5', 'B7', 'B9')",0.6056501013445527,0.0015341356803925403
"('B10', 'B3', 'B1', 'B9')",0.6055046314499345,0.0030300900472918784
"('B5', 'B4', 'B3', 'B7')",0.6053785211170065,0.006860826193220688
"('B4', 'B1', 'B6', 'B9')",0.6053166226068328,0.003906361227129207
"('B2', 'B1', 'B6', 'B7', 'B9')",0.6051410416398534,0.004355496587282654
"('B10', 'B11', 'B5', 'B2', 'B1')",0.6050782497237176,0.003179569600291178
"('B11', 'B5', 'B3', 'B8')",0.6050328648093148,0.0013156501761794428
"('B5', 'B4', 'B1', 'B8', 'B9')",0.6049896329835353,0.005395580155661371
"('B11', 'B4', 'B6', 'B7')",0.6049343291194927,0.0036532898941508338
"('B5', 'B4', 'B3', 'B9')",0.6049116292700786,0.0034866994990010807
"('B10', 'B11', 'B1', 'B7', 'B8')",0.604821730965576,0.004155969468998955
"('B10', 'B11', 'B5', 'B3', 'B1')",0.6047623280796973,0.0035249205083510505
"('B11', 'B3', 'B2', 'B1', 'B7')",0.6045260394639984,0.0021964749308315316
"('B5', 'B4', 'B6', 'B7', 'B8')",0.604406491489171,0.00462500619920536
"('B10', 'B3', 'B2', 'B6', 'B8')",0.6043898413782232,0.0018515138014387844
"('B11', 'B2', 'B1', 'B6', 'B7')",0.6043369990506751,0.0009486816291867376
"('B11', 'B3', 'B1', 'B6', 'B7')",0.6041124510670478,0.0016969694511549073
"('B11', 'B1', 'B6', 'B7', 'B9')",0.60408579211682,0.0028719513681304304
"('B4', 'B1', 'B6', 'B7', 'B8')",0.6040101444381826,0.005627048938854799
"('B4', 'B3', 'B2', 'B7', 'B8')",0.603961413268948,0.0038518371923933516
"('B5', 'B3', 'B1', 'B6', 'B7')",0.6038901265751613,0.0030753975079626304
"('B4', 'B3', 'B2', 'B8', 'B9')",0.6038263823383776,0.003702955919587643
"('B11', 'B5', 'B6', 'B8')",0.6037471259073437,0.0025551509447207603
"('B11', 'B2', 'B1', 'B6', 'B8')",0.6037170471933618,0.0006959153552884705
"('B4', 'B2', 'B6', 'B9')",0.6036828629417442,0.004927298757367769
"('B4', 'B2', 'B6', 'B7', 'B8')",0.6035802538379517,0.003383650069474086
"('B10', 'B2', 'B1', 'B7')",0.603469021670346,0.002807862558242496
"('B5', 'B2', 'B1', 'B7', 'B9')",0.6034553230582828,0.0032716078612269658
"('B11', 'B3', 'B6', 'B8', 'B9')",0.6031713295267735,0.0023864832823752543
"('B10', 'B5', 'B1', 'B8')",0.602897059821013,0.002660799177314988
"('B11', 'B3', 'B2', 'B1', 'B8')",0.6027421028500803,0.000912892717408159
"('B5', 'B4', 'B3', 'B8')",0.6026699969209769,0.0037683697610931166
"('B11', 'B3', 'B2', 'B1', 'B9')",0.602575679270513,0.0008401449068081457
"('B3', 'B1', 'B6', 'B7', 'B9')",0.6025281913911547,0.002622781701678696
"('B11', 'B5', 'B1', 'B6')",0.6023227102893306,0.0034704277350388253
"('B11', 'B3', 'B7', 'B8', 'B9')",0.6017319220293454,0.0015103537872575964
"('B10', 'B5', 'B2', 'B8')",0.6016064797322938,0.001415541267409657
"('B10', 'B5', 'B6', 'B7')",0.6014538174246592,0.003334889044987744
"('B11', 'B5', 'B1', 'B7')",0.6010874389281208,0.003991134385410397
"('B4', 'B3', 'B1', 'B9')",0.6009141973082857,0.0030669622725007983
"('B10', 'B2', 'B1', 'B9')",0.6008390892199443,0.003200856423826719
"('B11', 'B5', 'B7', 'B9')",0.6007658478339181,0.00209883976379631
"('B5', 'B3', 'B2', 'B1', 'B6')",0.6007548961417386,0.0039041173444604995
"('B5', 'B4', 'B1', 'B6')",0.6005984764243896,0.006606873068909211
"('B10', 'B2', 'B7', 'B8', 'B9')",0.6005707472077121,0.002313962676585176
"('B11', 'B5', 'B2', 'B7')",0.6003677819720935,0.002145103838208075
"('B10', 'B11', 'B6', 'B9')",0.6003259155635959,0.003536382446615375
"('B5', 'B2', 'B1', 'B6', 'B7')",0.6002907087358499,0.005330131204488242
"('B5', 'B3', 'B1', 'B6', 'B8')",0.6002095942803183,0.004560543628136516
"('B11', 'B3', 'B2', 'B1', 'B6')",0.6000861024060596,0.0019214155043105186
"('B5', 'B3', 'B2', 'B1', 'B7')",0.6000266972620071,0.003233488428208898
"('B5', 'B3', 'B2', 'B1', 'B9')",0.5997985736655906,0.0032594103330092173
"('B10', 'B3', 'B1', 'B8')",0.599720800521511,0.001906468776592033
"('B4', 'B3', 'B1', 'B8')",0.5995617755919223,0.004900200619197162
"('B10', 'B3', 'B6', 'B9')",0.59954762224673,0.002615658974923595
"('B5', 'B3', 'B1', 'B7', 'B9')",0.599490647837016,0.0040856949341864755
"('B10', 'B3', 'B6', 'B7', 'B8')",0.599470747800063,0.0033662842975133917
"('B10', 'B11', 'B5', 'B3', 'B2')",0.5993038714419051,0.00219209084042839
"('B5', 'B3', 'B6', 'B8', 'B9')",0.599100712484871,0.003220544906791735
"('B11', 'B5', 'B4', 'B3', 'B1')",0.5990291091581813,0.003449908572764661
"('B5', 'B4', 'B7', 'B9')",0.5983383425357336,0.005273823083753401
"('B4', 'B3', 'B6', 'B7')",0.5983191542079832,0.005669797398170057
"('B10', 'B11', 'B1', 'B8', 'B9')",0.5982392606272732,0.002754130125552497
"('B10', 'B5', 'B6', 'B8')",0.5981308695141604,0.0019244488335671234
"('B5', 'B4', 'B2', 'B9')",0.5980163293750557,0.001409539181816718
"('B10', 'B3', 'B7', 'B9')",0.5979470914908335,0.0019619578620702588
"('B4', 'B3', 'B1', 'B6')",0.59792943686536,0.004289555579860748
"('B10', 'B1', 'B6', 'B8', 'B9')",0.5978633521634812,0.003965076037036446
"('B10', 'B2', 'B1', 'B8')",0.5978131297934658,0.0031596921279894922
"('B5', 'B2', 'B6', 'B8', 'B9')",0.5976943680061438,0.0027210130591481616
"('B4', 'B3', 'B1', 'B7')",0.5975785696540289,0.005614780728075662
"('B10', 'B5', 'B4', 'B3', 'B2')",0.5975491037196492,0.0029884925624915704
"('B5', 'B3', 'B2', 'B1', 'B8')",0.5975010387059306,0.002670745339863535
"('B10', 'B2', 'B6', 'B7', 'B8')",0.5970153694381528,0.003803911997671411
"('B11', 'B5', 'B2', 'B9')",0.5964728467133948,0.0026257905433159216
"('B11', 'B5', 'B1', 'B9')",0.5961664210717723,0.004114492165983056
"('B4', 'B1', 'B7', 'B8', 'B9')",0.5960682038020974,0.0026441639897286464
"('B5', 'B2', 'B1', 'B6', 'B8')",0.5959714628710762,0.004183391635477952
"('B4', 'B3', 'B7', 'B9')",0.5958743381935191,0.004826659591072331
"('B10', 'B1', 'B6', 'B7', 'B8')",0.5958066534694446,0.0017084703978376052
"('B10', 'B3', 'B2', 'B7', 'B8')",0.5956969305685389,0.0012018149286277615
"('B5', 'B4', 'B2', 'B7')",0.5953887961937318,0.005880415408364751
"('B10', 'B11', 'B1', 'B7')",0.5952994657613679,0.002371042339271055
"('B10', 'B3', 'B2', 'B8', 'B9')",0.5952669042052269,0.0015103605661275581
"('B4', 'B6', 'B7', 'B9')",0.5949387063268311,0.003170746287507502
"('B4', 'B2', 'B1', 'B7', 'B8')",0.5947406713781143,0.002705959390506342
"('B4', 'B3', 'B6', 'B8')",0.5947300898462599,0.005360710861183831
"('B5', 'B4', 'B2', 'B8')",0.594165729156788,0.002884960284090798
"('B10', 'B2', 'B6', 'B9')",0.5940750920176193,0.0022791352787548606
"('B11', 'B2', 'B6', 'B8', 'B9')",0.5939990358831556,0.00272573243483125
"('B5', 'B4', 'B1', 'B7')",0.5936141847004205,0.005121218267161861
"('B10', 'B3', 'B1', 'B6')",0.5935113109429969,0.003579512758508646
"('B11', 'B3', 'B1', 'B8', 'B9')",0.59327245654534,0.0045354946875291475
"('B5', 'B1', 'B6', 'B8', 'B9')",0.5931490112424757,0.006426354371160123
"('B11', 'B2', 'B7', 'B8', 'B9')",0.5930844485878156,0.0022676885137677687
"('B11', 'B3', 'B7', 'B9')",0.5930105660586351,0.0008456055994673413
"('B10', 'B2', 'B1', 'B6')",0.5926263989029203,0.0037818225685099763
"('B5', 'B3', 'B2', 'B6', 'B8')",0.5925638245748128,0.004812066949246371
"('B4', 'B2', 'B7', 'B8', 'B9')",0.592334479630304,0.003969447464355261
"('B11', 'B3', 'B1', 'B7', 'B8')",0.592214174763066,0.0028718316451182713
"('B10', 'B4', 'B8', 'B9')",0.5921862778054988,0.005907510750278336
"('B5', 'B4', 'B1', 'B9')",0.592029719030259,0.004498242405724488
"('B10', 'B11', 'B1', 'B6')",0.5920147997086811,0.0031044521468908165
"('B11', 'B3', 'B6', 'B9')",0.5917092126334772,0.003087720499464059
"('B5', 'B4', 'B1', 'B8')",0.5915827725694661,0.004283187702809341
"('B10', 'B4', 'B7', 'B8')",0.5915300682210142,0.004029459932744886
"('B10', 'B11', 'B3', 'B2', 'B1')",0.5914487699946965,0.0018121110782756363
"('B11', 'B2', 'B1', 'B8', 'B9')",0.5913809583088344,0.0027907620827186575
"('B11', 'B5', 'B2', 'B8')",0.5913445833240601,0.0014236149224482431
"('B10', 'B2', 'B7', 'B9')",0.5908122181405644,0.001416803661977468
"('B5', 'B4', 'B6', 'B7')",0.5907895517848393,0.0034208749715935773
"('B4', 'B2', 'B1', 'B8', 'B9')",0.5905750997217901,0.001024515276648028
"('B11', 'B5', 'B1', 'B8')",0.590348645379804,0.004652419640303221
"('B11', 'B3', 'B2', 'B6', 'B8')",0.5902640807272287,0.0022523274705728994
"('B4', 'B3', 'B2', 'B9')",0.5902335593424594,0.00299062948086542
"('B11', 'B2', 'B1', 'B7', 'B8')",0.5901292203430724,0.0009667106948641043
"('B5', 'B4', 'B6', 'B8')",0.5899846413472482,0.003859864010734783
"('B10', 'B4', 'B3', 'B2', 'B1')",0.5899199900495092,0.0018085729390633818
"('B11', 'B5', 'B4', 'B2', 'B1')",0.589844006279766,0.002591060996968433
"('B4', 'B3', 'B2', 'B8')",0.5897413584501794,0.0038532344714205624
"('B5', 'B3', 'B2', 'B6', 'B7')",0.589504274312172,0.003272681248204152
"('B11', 'B4', 'B7', 'B8')",0.588808226032136,0.004237167619917553
"('B4', 'B2', 'B6', 'B7')",0.5887702240715186,0.005710563491902492
"('B10', 'B6', 'B7', 'B8', 'B9')",0.5884476005610947,0.002871352848897048
"('B4', 'B3', 'B2', 'B7')",0.5881036125185761,0.0037569555244865247
"('B4', 'B1', 'B6', 'B8')",0.5877989201115698,0.005843278000091066
"('B10', 'B11', 'B1', 'B9')",0.5876998985559725,0.003968237179338957
"('B5', 'B3', 'B2', 'B7', 'B9')",0.587598917522306,0.003611353678048994
"('B10', 'B11', 'B6', 'B8')",0.5875869490050625,0.0027637155964435776
"('B5', 'B3', 'B6', 'B9')",0.5874561943072527,0.003349403305169247
"('B10', 'B11', 'B4', 'B2')",0.5870768478365315,0.003693291130341677
"('B11', 'B3', 'B2', 'B6', 'B7')",0.5870405580862464,0.003431658560436317
"('B10', 'B3', 'B6', 'B7')",0.5867711385704334,0.0048476522986603795
"('B11', 'B2', 'B6', 'B9')",0.586625972790963,0.004642087509455387
"('B3', 'B2', 'B1', 'B6', 'B9')",0.5863831555831841,0.0019104500307404837
"('B11', 'B3', 'B6', 'B7', 'B8')",0.5863572673812407,0.0015129250158029616
"('B4', 'B1', 'B6', 'B7')",0.5857495883884721,0.006337027481936465
"('B11', 'B6', 'B7', 'B8', 'B9')",0.5857119105207896,0.0025354032742307526
"('B10', 'B5', 'B4', 'B1')",0.5856416383998905,0.0036416746085684696
"('B4', 'B1', 'B7', 'B9')",0.5855040444207801,0.0024738700077529432
"('B10', 'B11', 'B4', 'B1')",0.5852296368780877,0.00278409650434859
"('B5', 'B1', 'B6', 'B9')",0.5851357736978918,0.004367481381227409
"('B10', 'B11', 'B1', 'B8')",0.5850946221401621,0.002883659713775187
"('B10', 'B1', 'B6', 'B9')",0.5849498206491108,0.0046878734349899585
"('B4', 'B2', 'B6', 'B8')",0.5849363611301519,0.003981115464901808
"('B4', 'B3', 'B2', 'B6')",0.5846811749731768,0.003573227768273365
"('B5', 'B3', 'B6', 'B7', 'B8')",0.5845025822292271,0.004020978645187076
"('B10', 'B2', 'B6', 'B7')",0.584487274625494,0.002608528113364455
"('B5', 'B2', 'B6', 'B9')",0.5844081935265875,0.003277179502327177
"('B3', 'B2', 'B1', 'B7', 'B9')",0.5843988536061321,0.0011024274975387
"('B11', 'B4', 'B8', 'B9')",0.5841548444934014,0.0014668364408650576
"('B10', 'B1', 'B7', 'B8', 'B9')",0.5840883534671827,0.0031516708355982396
"('B11', 'B2', 'B7', 'B9')",0.5840800541068605,0.0025900591370189036
"('B5', 'B6', 'B7', 'B8', 'B9')",0.5838057719670219,0.002716939513282914
"('B5', 'B3', 'B1', 'B8', 'B9')",0.5835244728369574,0.005292302281627393
"('B10', 'B3', 'B2', 'B7')",0.5828769747578456,0.0011339045487441714
"('B10', 'B11', 'B7', 'B8', 'B9')",0.5819571864864914,0.0032949502789335265
"('B10', 'B5', 'B3', 'B2', 'B1')",0.5815916589065774,0.003111033482468953
"('B10', 'B1', 'B6', 'B7')",0.5814980804489575,0.005192701646458426
"('B10', 'B3', 'B6', 'B8')",0.5809907799234266,0.003490315437192873
"('B3', 'B2', 'B6', 'B7', 'B9')",0.5803510545410236,0.0005226660545989715
"('B10', 'B3', 'B2', 'B9')",0.5802926538300152,0.0013252697309216002
"('B5', 'B3', 'B1', 'B7', 'B8')",0.5800949819626272,0.0036500903047330946
"('B5', 'B2', 'B6', 'B7', 'B8')",0.5800703284691945,0.0015288851538438804
"('B4', 'B2', 'B7', 'B9')",0.5799053595711802,0.002753561900594157
"('B11', 'B2', 'B6', 'B7', 'B8')",0.5798260514268305,0.0019163988218981651
"('B5', 'B1', 'B6', 'B7', 'B8')",0.579643209433759,0.004038725492173646
"('B10', 'B6', 'B7', 'B9')",0.57959782674928,0.0009583280016550387
"('B11', 'B3', 'B1', 'B7')",0.5792967646499417,0.0033877750787668012
"('B4', 'B2', 'B1', 'B7')",0.5791291411425924,0.0033002179165436147
"('B11', 'B5', 'B4', 'B3', 'B2')",0.578871088224755,0.0021676086956626687
"('B5', 'B1', 'B7', 'B8', 'B9')",0.5786925594540634,0.004040049856724839
"('B4', 'B2', 'B1', 'B9')",0.5784473951595704,8.508535804153235e-05
"('B5', 'B2', 'B7', 'B8', 'B9')",0.5781562078039646,0.0022912052656352683
"('B10', 'B3', 'B2', 'B8')",0.5772376358918945,0.0007261702238680018
"('B11', 'B3', 'B2', 'B7', 'B8')",0.5769100301052831,0.0006338224634258406
"('B10', 'B1', 'B7', 'B9')",0.5769023094133982,0.003009477437759633
"('B3', 'B6', 'B7', 'B8', 'B9')",0.5768247074713941,0.0018156415374553309
"('B5', 'B2', 'B1', 'B7', 'B8')",0.5768225270592128,0.003990551305873396
"('B5', 'B2', 'B1', 'B8', 'B9')",0.576805619566863,0.003295304783920085
"('B11', 'B3', 'B1', 'B9')",0.5767394214546134,0.0033138596394974226
"('B11', 'B6', 'B7', 'B9')",0.5766820698639589,0.0006626071116016548
"('B5', 'B6', 'B7', 'B9')",0.5766445537959926,0.0035714687168656935
"('B10', 'B2', 'B6', 'B8')",0.5759243661171367,0.002870651274801477
"('B5', 'B3', 'B7', 'B8', 'B9')",0.5753492389152507,0.004306393676012976
"('B4', 'B2', 'B1', 'B8')",0.5751724209821522,0.0012694287826434643
"('B2', 'B6', 'B7', 'B8', 'B9')",0.5749757441501648,0.0023829521250945075
"('B2', 'B1', 'B6', 'B8', 'B9')",0.574401157335035,0.002939674361730544
"('B4', 'B3', 'B7', 'B8')",0.574332473416778,0.003607796065737713
"('B11', 'B3', 'B2', 'B8', 'B9')",0.5742249348338659,0.001751395103749312
"('B3', 'B1', 'B6', 'B8', 'B9')",0.5741485973004252,0.00302060006705056
"('B10', 'B5', 'B7', 'B8')",0.5740837893316898,0.0028373637661881722
"('B11', 'B3', 'B1', 'B8')",0.5739045158197401,0.0019541729218420447
"('B11', 'B2', 'B1', 'B7')",0.5738726176257111,0.0019921852955636786
"('B11', 'B1', 'B6', 'B8', 'B9')",0.5737282313464188,0.0033754921942523125
"('B11', 'B2', 'B1', 'B9')",0.5734999185394309,0.0025282048393116454
"('B10', 'B11', 'B5', 'B3')",0.573071881814358,0.00022321060546008176
"('B10', 'B11', 'B7', 'B9')",0.5730664040548944,0.005349969218154435
"('B11', 'B1', 'B7', 'B8', 'B9')",0.5730504931657657,0.0032406620897356842
"('B5', 'B3', 'B2', 'B8', 'B9')",0.5725190567238804,0.002890832154388792
"('B5', 'B3', 'B2', 'B7', 'B8')",0.5721200810688194,0.0039306071602504536
"('B11', 'B4', 'B3', 'B2', 'B1')",0.5719656676261872,0.000876983363621064
"('B4', 'B6', 'B8', 'B9')",0.5719498337034241,0.003458744975262445
"('B4', 'B2', 'B1', 'B6')",0.5718327621856473,0.0008511391769844339
"('B1', 'B6', 'B7', 'B8', 'B9')",0.5717614004907493,0.003854483200983943
"('B4', 'B3', 'B8', 'B9')",0.5715929515081926,0.004475387611240698
"('B11', 'B2', 'B1', 'B8')",0.5715732876040652,0.0017702256364830395
"('B10', 'B5', 'B4', 'B3')",0.571494633308926,0.003416110939154315
"('B11', 'B2', 'B1', 'B6')",0.5709253283221828,0.00016119247813953203
"('B3', 'B1', 'B7', 'B8', 'B9')",0.5708795740971736,0.0021945697821263645
"('B11', 'B3', 'B1', 'B6')",0.5707802485700053,0.002911167270909553
"('B10', 'B5', 'B8', 'B9')",0.570342304248124,0.0037937659487993895
"('B10', 'B4', 'B7')",0.569833312244948,0.00362916788638482
"('B5', 'B3', 'B1', 'B6')",0.5697966576783396,0.005897682474577462
"('B11', 'B5', 'B7', 'B8')",0.5697654654659922,0.0010704330011816318
"('B10', 'B3', 'B7', 'B8')",0.5695591666119522,0.0007200077890330912
"('B10', 'B4', 'B3', 'B1')",0.5693374150135021,0.0015450262955637017
"('B5', 'B3', 'B1', 'B9')",0.5686818476512913,0.004011918175196207
"('B5', 'B3', 'B6', 'B7')",0.5685593140194115,0.00596147502432765
"('B10', 'B4', 'B9')",0.5684921385155576,0.004764698286402247
"('B10', 'B11', 'B5', 'B1')",0.5684069282781166,0.0041378056723847334
"('B5', 'B3', 'B1', 'B7')",0.5682514711891138,0.003820316661857696
"('B10', 'B1', 'B6', 'B8')",0.5678932648327178,0.0038832521844832575
"('B10', 'B3', 'B8', 'B9')",0.5678603151698179,0.0016970954743905904
"('B5', 'B1', 'B7', 'B9')",0.5677857939020409,0.005619146521368383
"('B11', 'B3', 'B6', 'B8')",0.5676626119390468,0.0012486960554121353
"('B11', 'B3', 'B6', 'B7')",0.5671105977038721,0.001430339011082497
"('B10', 'B11', 'B5', 'B2')",0.567081527258357,0.0033136934378798413
"('B5', 'B3', 'B6', 'B8')",0.566419098848277,0.006363693406187889
"('B2', 'B6', 'B7', 'B9')",0.5662006266859089,0.0023632339216973076
"('B10', 'B5', 'B4', 'B2')",0.5661222879846163,0.002893678243109936
"('B5', 'B1', 'B6', 'B7')",0.566050971914598,0.004351403842687843
"('B10', 'B3', 'B2', 'B6')",0.5659955505839314,0.0032524881581808664
"('B5', 'B3', 'B7', 'B9')",0.5659244521212848,0.003854810184543471
"('B5', 'B2', 'B7', 'B9')",0.5655864955814871,0.0020737015976301093
"('B1', 'B6', 'B7', 'B9')",0.5654151832975393,0.004742379180880359
"('B2', 'B1', 'B7', 'B8', 'B9')",0.565404304226626,0.0020377683207250166
"('B2', 'B1', 'B6', 'B7', 'B8')",0.56510417009458,0.0033007472897254603
"('B3', 'B1', 'B6', 'B9')",0.5650966285178557,0.0035407777410682746
"('B10', 'B4', 'B8')",0.5646748743939934,0.00305215262948917
"('B3', 'B6', 'B7', 'B9')",0.5645833346432555,0.0037929740609377524
"('B11', 'B5', 'B8', 'B9')",0.5645461346574314,0.002402116397564562
"('B3', 'B2', 'B1', 'B6', 'B7')",0.56372877498459,0.0041068864212858314
"('B11', 'B1', 'B6', 'B7', 'B8')",0.5636896471087668,0.0036991963972010274
"('B11', 'B5', 'B3', 'B2', 'B1')",0.5636166010388984,0.002457165311859736
"('B11', 'B5', 'B4', 'B1')",0.5635410980510467,0.003486271028629338
"('B5', 'B2', 'B1', 'B6')",0.5633555551381365,0.005165933246126339
"('B3', 'B2', 'B1', 'B6', 'B8')",0.5631243082659085,0.002795933694103013
"('B2', 'B1', 'B6', 'B9')",0.5630073700627609,0.0021846106090570787
"('B3', 'B1', 'B7', 'B9')",0.5628392888958564,0.004601659026491985
"('B11', 'B4', 'B7')",0.5628095510899204,0.0034437019311653735
"('B10', 'B2', 'B8', 'B9')",0.5628067762621335,0.002380551989213817
"('B5', 'B3', 'B1', 'B8')",0.5622128443244545,0.0025739079343585613
"('B11', 'B1', 'B7', 'B9')",0.5620765419002103,0.0023038248085511955
"('B5', 'B2', 'B6', 'B7')",0.5616883585295828,0.004156286198563697
"('B5', 'B2', 'B1', 'B7')",0.5613389537820669,0.0034515613836074662
"('B11', 'B1', 'B6', 'B9')",0.561140560192584,0.0031331594583644848
"('B10', 'B11', 'B7', 'B8')",0.5611266391729205,0.0031850320156109678
"('B11', 'B2', 'B6', 'B7')",0.560884182258802,0.0018307326510313493
"('B10', 'B11', 'B3', 'B1')",0.5608539712072916,0.0006157673473065499
"('B10', 'B2', 'B7', 'B8')",0.5606626980146725,0.0017956594396379352
"('B5', 'B2', 'B1', 'B9')",0.5604977932867405,0.0018733463622604936
"('B11', 'B4', 'B8')",0.5598251551685611,0.0014431600586982498
"('B11', 'B4', 'B9')",0.5594780769577196,0.004649148701867979
"('B11', 'B2', 'B6', 'B8')",0.5593881248589465,0.0029404736242013953
"('B11', 'B3', 'B2', 'B7')",0.5592901577067123,0.0022122927076895908
"('B5', 'B1', 'B6', 'B8')",0.5587604630667563,0.005376913699171847
"('B5', 'B2', 'B6', 'B8')",0.5582432409567052,0.00295623218808293
"('B11', 'B3', 'B2', 'B9')",0.5581138656615663,0.0018924297849818
"('B5', 'B3', 'B2', 'B6')",0.5571269604590536,0.0034863067781741473
"('B3', 'B1', 'B6', 'B7', 'B8')",0.5567685525184132,0.0018965002237162345
"('B4', 'B6', 'B7', 'B8')",0.5564001525830313,0.0041639490450258955
"('B5', 'B4', 'B7', 'B8')",0.5563318152636456,0.004612937515407117
"('B5', 'B3', 'B2', 'B9')",0.5562783859741866,0.0011453811846991273
"('B5', 'B6', 'B8', 'B9')",0.5562214914200349,0.003448680120029546
"('B4', 'B2', 'B7', 'B8')",0.5560201483247654,0.0017693873708254993
"('B10', 'B11', 'B8', 'B9')",0.5557005433375218,0.00311167957784588
"('B5', 'B3', 'B2', 'B7')",0.5555366875556141,0.0032610320368746176
"('B2', 'B1', 'B7', 'B9')",0.5550629673334395,0.0011279477322716966
"('B5', 'B2', 'B1', 'B8')",0.5550264350015858,0.0039910971256830585
"('B10', 'B5', 'B7')",0.5545052852945594,0.0022966937950371926
"('B11', 'B3', 'B2', 'B8')",0.5542308401722679,0.0006987926183118477
"('B4', 'B1', 'B7', 'B8')",0.5541392061041467,0.002224088267282679
"('B11', 'B4', 'B6')",0.554112831345203,0.0018128208754562766
"('B11', 'B5', 'B6')",0.5539690986954072,0.002735050075488881
"('B5', 'B4', 'B8', 'B9')",0.5536875066359032,0.004050946016797577
"('B3', 'B2', 'B6', 'B8', 'B9')",0.5534949400970937,0.0022170527900031733
"('B4', 'B2', 'B8', 'B9')",0.5532956622032066,0.002690833343726605
"('B4', 'B6', 'B9')",0.5528466741816338,0.003328676909725407
"('B11', 'B3', 'B2', 'B6')",0.5526918645655235,0.0014786132641400921
"('B10', 'B11', 'B2', 'B1')",0.5525182788567802,0.002351539202972666
"('B5', 'B3', 'B2', 'B8')",0.5524388366358239,0.0020564015244208993
"('B3', 'B2', 'B7', 'B8', 'B9')",0.5520055791849884,0.0010697031916406285
"('B11', 'B3', 'B8', 'B9')",0.5517295052908041,0.0005565628917760621
"('B4', 'B3', 'B9')",0.5514512308855672,0.004336149177958535
"('B5', 'B4', 'B3', 'B2', 'B1')",0.5511729104603125,0.0015851214053186073
"('B10', 'B3', 'B7')",0.5508558181346256,0.0015558635123442033
"('B10', 'B5', 'B6')",0.5508352370344917,0.004547927663630275
"('B10', 'B5', 'B9')",0.5507749295493005,0.0034011523464378616
"('B4', 'B3', 'B6')",0.5506458526013659,0.004306324195295605
"('B10', 'B11', 'B3', 'B2')",0.5504717510532775,0.002413261503808086
"('B4', 'B3', 'B8')",0.5496393877198126,0.003906643912150438
"('B11', 'B3', 'B7', 'B8')",0.5495359823854229,0.0006441690863906132
"('B10', 'B5', 'B2', 'B1')",0.5486142449369596,0.003234025288712098
"('B4', 'B1', 'B8', 'B9')",0.5486012254001283,0.0034972447900427895
"('B10', 'B1', 'B7', 'B8')",0.5479473518848591,0.004292780510654627
"('B4', 'B3', 'B7')",0.5469634745778877,0.0044695117996947946
"('B10', 'B6', 'B8', 'B9')",0.5467033472456274,0.0032108021323790994
"('B11', 'B1', 'B6', 'B7')",0.5459717521861543,0.0056259371169304784
"('B11', 'B5', 'B7')",0.5458703263577438,0.002071219911006358
"('B10', 'B3', 'B9')",0.5458677356926801,0.0021139321949711696
"('B10', 'B11', 'B7')",0.545827184325601,0.0021705432452028446
"('B11', 'B4', 'B3', 'B1')",0.5455375380374814,0.0007725036325523303
"('B11', 'B5', 'B4', 'B3')",0.5452138885065687,0.0005210694769826662
"('B10', 'B4', 'B2', 'B1')",0.5438588790832708,0.00161594406584772
"('B10', 'B5', 'B8')",0.5436503140108527,0.0013057837437338029
"('B2', 'B1', 'B6', 'B7')",0.5435460844051305,0.002721082229168048
"('B10', 'B5', 'B3', 'B1')",0.5435148910944257,0.003995645570336693
"('B4', 'B7', 'B8', 'B9')",0.5430840636697528,0.001188144911026001
"('B10', 'B1', 'B8', 'B9')",0.5429545866936972,0.004550100690864971
"('B10', 'B4', 'B6')",0.5422098824768528,0.0027904404893888926
"('B3', 'B2', 'B1', 'B7', 'B8')",0.5421392331634739,0.0034762842830327436
"('B10', 'B6', 'B7', 'B8')",0.5418671955471809,0.0019403819822818972
"('B11', 'B5', 'B4', 'B2')",0.5415692688568248,0.0016358097734506907
"('B5', 'B4', 'B6')",0.5413008471715607,0.00510319356968579
"('B10', 'B2', 'B7')",0.5412871130930755,0.0024779615586637696
"('B11', 'B2', 'B8', 'B9')",0.5412464823632986,0.001487414111397552
"('B10', 'B3', 'B8')",0.5409055287478125,0.0025337454026103244
"('B10', 'B11', 'B6')",0.540773081381765,0.0018277865369688384
"('B11', 'B5', 'B9')",0.540445831366347,0.000968179274060144
"('B3', 'B2', 'B1', 'B8', 'B9')",0.5403962407608213,0.0005232881371239448
"('B11', 'B2', 'B7', 'B8')",0.54011616420085,0.00226395667261922
"('B3', 'B2', 'B6', 'B9')",0.5400599387150246,0.0008617361880132277
"('B5', 'B3', 'B7', 'B8')",0.5400362626155937,0.004801959726626999
"('B3', 'B2', 'B7', 'B9')",0.5396263799001059,0.0016708941493528014
"('B3', 'B2', 'B6', 'B7', 'B8')",0.53943923672021,0.0015023128373415067
"('B5', 'B6', 'B9')",0.5389099247522298,0.0038240898655232418
"('B10', 'B11', 'B9')",0.5387312333753513,0.0037418171590428775
"('B5', 'B3', 'B8', 'B9')",0.5381682124090293,0.0028503031193331876
"('B5', 'B6', 'B7', 'B8')",0.5372101636866148,0.004026916146575658
"('B3', 'B1', 'B6', 'B7')",0.5367517587210358,0.001124707930716356
"('B5', 'B7', 'B8', 'B9')",0.5367339553827007,0.004066017934605284
"('B10', 'B2', 'B9')",0.5367316936355943,0.001268415135150771
"('B2', 'B1', 'B6', 'B8')",0.5354190179406673,0.001051894392510125
"('B11', 'B1', 'B6', 'B8')",0.5349858319069279,0.0034048777260710806
"('B3', 'B1', 'B6', 'B8')",0.5338468110571974,0.0012129903150333297
"('B10', 'B7', 'B8', 'B9')",0.5336751209508872,0.0023551328593828646
"('B10', 'B11', 'B8')",0.5335439863748892,0.002325466755022763
"('B11', 'B5', 'B8')",0.5333435218383336,0.0009644909414454498
"('B10', 'B4', 'B3', 'B2')",0.5330339291440781,0.002449199540656985
"('B10', 'B2', 'B8')",0.5326495659186423,0.0011543230701347171
"('B4', 'B2', 'B9')",0.532622542101541,0.003029235294911437
"('B4', 'B2', 'B7')",0.5324831028413127,0.003939558100635752
"('B11', 'B7', 'B8', 'B9')",0.5319055275248703,0.002054699954208444
"('B4', 'B2', 'B8')",0.5312908847872614,0.003285702742696172
"('B5', 'B1', 'B7', 'B8')",0.5311631349697392,0.005189916640484737
"('B11', 'B4', 'B2', 'B1')",0.5308995664946415,0.00014170522020591936
"('B5', 'B1', 'B8', 'B9')",0.5307625369319247,0.005557563564184911
"('B11', 'B6', 'B8', 'B9')",0.5306831105242287,0.0023214017087595895
"('B10', 'B1', 'B7')",0.5305953974148624,0.004685910287188507
"('B3', 'B6', 'B8', 'B9')",0.5303223857893986,0.001562300988513791
"('B10', 'B11', 'B4')",0.5301292894021811,0.003935607482695503
"('B10', 'B3', 'B2', 'B1')",0.52987237098333,0.002567621394258315
"('B5', 'B4', 'B7')",0.5295535406755113,0.005150836516597836
"('B5', 'B4', 'B9')",0.5290224485476915,0.0022032977689821374
"('B10', 'B3', 'B6')",0.5288126209968894,0.004889925726393213
"('B5', 'B2', 'B8', 'B9')",0.5281149710087955,0.001503865853608109
"('B3', 'B7', 'B8', 'B9')",0.5281021944076664,0.002237284177357589
"('B10', 'B6', 'B9')",0.5280083427255338,0.00344009339386159
"('B5', 'B4', 'B3', 'B1')",0.5270909591349993,0.0036430101407586056
"('B4', 'B6', 'B7')",0.527043848435465,0.004044177862859817
"('B4', 'B1', 'B8')",0.526847471329211,0.0032992905929717206
"('B4', 'B1', 'B7')",0.526553785393116,0.005305860696450019
"('B4', 'B1', 'B9')",0.5264293451096657,0.0035864597516591327
"('B11', 'B5', 'B2', 'B1')",0.5263525396736898,0.0032410597095287553
"('B2', 'B6', 'B8', 'B9')",0.5261364100558903,0.0012053908104819626
"('B10', 'B11', 'B5')",0.5260178141668299,0.0019713548749770477
"('B11', 'B6', 'B7', 'B8')",0.5256057460053305,0.0019191825545243012
"('B11', 'B5', 'B3', 'B1')",0.5255236940354017,0.0018296106008928374
"('B6', 'B7', 'B8', 'B9')",0.525016685319128,0.0017801905429974901
"('B4', 'B6', 'B8')",0.5247914686562486,0.004699096429932456
"('B5', 'B4', 'B8')",0.5245165327342112,0.0029457693576756304
"('B10', 'B6', 'B7')",0.5239290983548774,0.0014722610629048013
"('B10', 'B1', 'B9')",0.5235901888985319,0.004087406337624755
"('B3', 'B2', 'B1', 'B9')",0.5232776152660569,0.0016090356388704504
"('B5', 'B2', 'B7', 'B8')",0.5229158579674786,0.0006848942918784269
"('B11', 'B3', 'B7')",0.5225558162163734,0.0008845992383752302
"('B4', 'B1', 'B6')",0.5223856025498462,0.0036437695773137153
"('B10', 'B2', 'B6')",0.5217029156855792,0.0027060969291562587
"('B3', 'B2', 'B1', 'B7')",0.5216672863924982,0.000862546686073559
"('B10', 'B1', 'B6')",0.5211938857368613,0.004026835533811757
"('B4', 'B7', 'B9')",0.5211582979539886,0.0020274399473445425
"('B10', 'B5', 'B3', 'B2')",0.5208475938449434,0.0008496906434775874
"('B3', 'B2', 'B1', 'B8')",0.5207517256310706,0.001457515478149048
"('B11', 'B3', 'B9')",0.5200296168794699,0.0020006581531409376
"('B3', 'B2', 'B1', 'B6')",0.518477569126211,0.0027180061641255684
"('B5', 'B7', 'B9')",0.5180388055061299,0.0029636182538026706
"('B10', 'B7', 'B9')",0.5179944391277451,0.0034294350058482075
"('B11', 'B3', 'B8')",0.5176868050769943,0.0017137335388753624
"('B11', 'B1', 'B8', 'B9')",0.5164809071170078,0.004173132361677491
"('B5', 'B3', 'B6')",0.5163056209945239,0.006118680224775575
"('B11', 'B1', 'B7', 'B8')",0.5160902959798342,0.0027975116608072582
"('B11', 'B7', 'B9')",0.5158977824536086,0.0028484047670916056
"('B5', 'B4', 'B2', 'B1')",0.5155167820245007,0.0011467512586264585
"('B5', 'B3', 'B7')",0.515073681291181,0.004262321860642561
"('B3', 'B6', 'B7', 'B8')",0.5145946099610709,0.0029552220081214314
"('B10', 'B1', 'B8')",0.5143012156937815,0.003276052398674512
"('B11', 'B3', 'B6')",0.5137901318464012,0.0005147002084112265
"('B10', 'B5', 'B4')",0.5134953097444657,0.004435474180289352
"('B3', 'B2', 'B6', 'B7')",0.5133028216756527,0.0012274293800290906
"('B2', 'B7', 'B8', 'B9')",0.5132608273628181,0.0007888152950471897
"('B11', 'B6', 'B9')",0.5131842398301069,0.0018164747971740956
"('B2', 'B6', 'B7', 'B8')",0.5130095324316236,0.0015913316703646022
"('B6', 'B7', 'B9')",0.5129168189341045,0.002875831387577956
"('B4', 'B2', 'B6')",0.5124181502585657,0.006262061203657532
"('B1', 'B7', 'B8', 'B9')",0.5123378745863129,0.0018556208773730755
"('B11', 'B2', 'B7')",0.5121867833302259,0.00308145369051572
"('B10', 'B11', 'B3')",0.5120826934403834,0.000623005567547182
"('B5', 'B6', 'B7')",0.5119268060250718,0.0062865722066782394
"('B5', 'B3', 'B9')",0.5118340955221637,0.0018394867172943172
"('B3', 'B2', 'B6', 'B8')",0.5115389969457392,0.0014407729002215387
"('B11', 'B2', 'B9')",0.5111849932165079,0.00034202107636502723
"('B3', 'B6', 'B9')",0.5108229556666143,0.0038538598430016614
"('B11', 'B4', 'B3', 'B2')",0.5099314356625418,0.0014987190009462437
"('B11', 'B2', 'B6')",0.5095011259758534,0.0006457040703125885
"('B5', 'B1', 'B7')",0.509402238374809,0.003058214619606095
"('B5', 'B1', 'B9')",0.5082871323177597,0.0028698286203019726
"('B5', 'B1', 'B6')",0.5082674027574776,0.005499180224808025
"('B5', 'B3', 'B8')",0.5080094447819647,0.0013916850755648692
"('B11', 'B2', 'B8')",0.5066193513080679,0.002119322443871744
"('B5', 'B6', 'B8')",0.5065916848828605,0.004785960586900242
"('B3', 'B1', 'B7', 'B8')",0.5057591923199669,0.003920562074999844
"('B3', 'B7', 'B9')",0.5057589887180874,0.003726838321040342
"('B2', 'B1', 'B7', 'B8')",0.5057541049552595,0.0015061981991200115
"('B10', 'B4', 'B1')",0.5055650533962982,0.0014863165120621114
"('B1', 'B6', 'B7', 'B8')",0.5048177360481326,0.0030623543616947854
"('B1', 'B6', 'B8', 'B9')",0.5047900936319306,0.004937918963178259
"('B3', 'B1', 'B8', 'B9')",0.5043385379933779,0.002180848494087332
"('B2', 'B6', 'B9')",0.503881182932124,0.00036583240883956346
"('B5', 'B2', 'B6')",0.5038239725713556,0.004881563321828065
"('B10', 'B6', 'B8')",0.5011846716161331,0.0024010294281215905
"('B11', 'B6', 'B7')",0.5002590784194622,0.002143301334093189
"('B5', 'B4', 'B3', 'B2')",0.4999244396011941,0.001905752661326532
"('B5', 'B1', 'B8')",0.49976953284451425,0.003929315251829771
"('B2', 'B1', 'B8', 'B9')",0.49970520091505727,0.0008991431495815426
"('B11', 'B5', 'B3', 'B2')",0.49933816627995736,0.003275479768580853
"('B10', 'B11', 'B2')",0.49781754109034604,0.0032660166870542824
"('B4', 'B3', 'B2', 'B1')",0.4957928050460135,0.0021466543116380092
"('B11', 'B3', 'B2', 'B1')",0.49508144045112434,0.0016975584385638845
"('B10', 'B4', 'B3')",0.4948833585832915,0.0015848895102752757
"('B1', 'B7', 'B9')",0.49398269674905565,0.002493654497729098
"('B5', 'B2', 'B9')",0.493599920316369,0.0028569212222581725
"('B2', 'B7', 'B9')",0.49237799261075393,0.002562743766952375
"('B5', 'B2', 'B7')",0.4921683694043208,0.003163849688518326
"('B11', 'B1', 'B6')",0.49077097618442006,0.0025976297962875144
"('B5', 'B3', 'B2', 'B1')",0.4901131893889006,0.003752734929056351
"('B5', 'B2', 'B8')",0.4897846558403334,0.0004160893946011029
"('B11', 'B1', 'B7')",0.4868938291701775,0.003964275562281764
"('B11', 'B4', 'B1')",0.48613751608799044,0.0032031365079816083
"('B10', 'B5', 'B1')",0.48613058984102286,0.0038301080318587774
"('B11', 'B1', 'B9')",0.48535645297920776,0.0024881290617951124
"('B1', 'B6', 'B9')",0.48500014929625257,0.002995178436447779
"('B3', 'B2', 'B7', 'B8')",0.4847020280795558,0.0020161499814933532
"('B3', 'B6', 'B7')",0.48278654080787525,0.002353404586520536
"('B11', 'B5', 'B4')",0.48222757413657935,0.0007184367163447103
"('B3', 'B2', 'B8', 'B9')",0.4812927928668003,0.0023502866221246227
"('B11', 'B6', 'B8')",0.48123351511870904,0.002193880241667435
"('B10', 'B11', 'B1')",0.4810366768092333,0.001365257648866376
"('B1', 'B6', 'B7')",0.48015665194605256,0.002430102429968591
"('B11', 'B1', 'B8')",0.4799086241868907,0.004946489739729632
"('B2', 'B6', 'B7')",0.47800332372132753,0.0022761580761324076
"('B10', 'B3', 'B1')",0.47784549513496116,0.002471600026739893
"('B10', 'B5', 'B3')",0.4770017345801795,0.0009919530665209247
"('B4', 'B7', 'B8')",0.4761115992484486,0.0006199399619095912
"('B4', 'B8', 'B9')",0.47601085525617687,0.00047481521014622026
"('B2', 'B1', 'B9')",0.47553810570708893,0.0016697538528889825
"('B10', 'B2', 'B1')",0.4750511762313359,0.0031450018512135945
"('B3', 'B6', 'B8')",0.4744558246468226,0.0028883369707943794
"('B2', 'B1', 'B7')",0.47333671696054364,0.0018145474949430773
"('B3', 'B1', 'B7')",0.4730535206889137,0.0023767469943832297
"('B2', 'B6', 'B8')",0.47284313001905054,0.001432667305916935
"('B3', 'B1', 'B9')",0.47279783420211524,0.0026943691239405825
"('B2', 'B1', 'B6')",0.47107215357083,0.0023135981328442066
"('B5', 'B4', 'B1')",0.47103121327482045,0.000944913782358249
"('B10', 'B8', 'B9')",0.4705741447738266,0.002174385834749408
"('B3', 'B1', 'B8')",0.47010681600003706,0.0024420590689997997
"('B2', 'B1', 'B8')",0.46979987040954274,0.004608142553360335
"('B3', 'B1', 'B6')",0.469648862053708,0.0029668758997172156
"('B10', 'B7', 'B8')",0.4693817758766641,0.0015683076952751522
"('B10', 'B4', 'B2')",0.46575076719046904,0.0004145384761024015
"('B10', 'B5', 'B2')",0.46336704568618176,0.0017237695176076995
"('B5', 'B7', 'B8')",0.4626674663902996,0.0026759763586525044
"('B5', 'B8', 'B9')",0.4622857136099656,0.0029042651244385103
"('B11', 'B5', 'B1')",0.4622631240010178,0.0005914959143528949
"('B11', 'B4', 'B3')",0.46149364806632837,0.002328667881947311
"('B11', 'B8', 'B9')",0.45922097653480387,0.00031108966031583106
"('B1', 'B6', 'B8')",0.4561555056088808,0.0029900281203133865
"('B4', 'B3', 'B1')",0.45509951822171857,0.002100610584345355
"('B11', 'B7', 'B8')",0.4550631375996717,0.0022466963952777206
"('B11', 'B4', 'B2')",0.45436149443783586,0.003809614367170847
"('B5', 'B4', 'B3')",0.45289630876180786,0.0004031697144893461
"('B11', 'B5', 'B3')",0.4528087568718619,0.0018782051715633954
"('B3', 'B2', 'B9')",0.4506148099773483,0.0020443812389014785
"('B5', 'B4', 'B2')",0.44976620629920766,0.0009165978374079509
"('B11', 'B2', 'B1')",0.4480810500668448,0.002089667940794259
"('B3', 'B2', 'B7')",0.4480066609907783,0.0009580242651852232
"('B11', 'B3', 'B1')",0.44782073986240795,0.00028551271402714196
"('B6', 'B7', 'B8')",0.44710721222251,0.0016763369280374037
"('B3', 'B2', 'B8')",0.446558445970501,0.002336710228258894
"('B3', 'B2', 'B6')",0.4453505595951277,0.0027206129569299193
"('B11', 'B5', 'B2')",0.44346143007861477,0.0017180470248470744
"('B3', 'B7', 'B8')",0.44301409967100924,0.0021944416398449883
"('B3', 'B8', 'B9')",0.44001257599219273,0.0007888981758164612
"('B10', 'B3', 'B2')",0.43869606394538097,0.0007949131359512188
"('B5', 'B6')",0.435582004444522,0.003212745052735391
"('B10', 'B7')",0.4337479983763593,0.0013515614126459704
"('B5', 'B3', 'B1')",0.4311931337274084,0.0037974499330643945
"('B2', 'B7', 'B8')",0.4305134781672613,0.0011987646577703997
"('B10', 'B9')",0.42917093430090936,0.0016915842992038341
"('B2', 'B8', 'B9')",0.42893560616988063,0.0014400175347264587
"('B5', 'B2', 'B1')",0.4281436559239283,0.0028300933725598806
"('B4', 'B8')",0.4267046251788204,0.0010115029578284692
"('B5', 'B9')",0.42560644276709647,0.0015717087327395706
"('B4', 'B9')",0.42517167047960686,0.0028625919135468582
"('B5', 'B7')",0.42513526262149665,0.002109889455659778
"('B4', 'B7')",0.42338731036423777,0.0011528452963361867
"('B10', 'B6')",0.4204870709256783,0.0032434519808670686
"('B4', 'B2', 'B1')",0.42007734298768895,0.0009344555473358434
"('B4', 'B3', 'B2')",0.4197002741210066,0.003812079860950137
"('B1', 'B7', 'B8')",0.4187780061297985,0.0014670401487521141
"('B10', 'B8')",0.4168064419116461,0.0019392160327146313
"('B11', 'B6')",0.4157852508259155,0.0016986019886833532
"('B4', 'B6')",0.4154015614101636,0.00048213580386054184
"('B5', 'B8')",0.41452130290584005,0.002154097408181244
"('B5', 'B3', 'B2')",0.41412850811320046,0.0014964114638982516
"('B6', 'B7')",0.41355098823500347,0.0006639924489877948
"('B11', 'B7')",0.4126796559731762,0.0025062942449623105
"('B1', 'B8', 'B9')",0.41200624550119597,0.002535347222773181
"('B10', 'B5')",0.4103254203892335,0.00049229070576209
"('B11', 'B9')",0.40946277527508196,0.00027628631629818777
"('B6', 'B8', 'B9')",0.4084248484538823,0.0018922115885375548
"('B11', 'B3', 'B2')",0.40831585333151105,0.002714932933005396
"('B10', 'B11')",0.40479092279885887,0.00045354354943397926
"('B3', 'B2', 'B1')",0.40383212884738345,0.002805068035381891
"('B11', 'B8')",0.4005677648823837,0.0020027485434839683
"('B10', 'B3')",0.3949467666367808,0.0027896395464050627
"('B3', 'B6')",0.39328401154899467,0.002078997776128075
"('B3', 'B9')",0.3931714024561426,0.002712868768601503
"('B3', 'B8')",0.3924701084517676,0.001717977939206437
"('B3', 'B7')",0.39147770029204976,0.0022552520620644795
"('B10', 'B1')",0.38956044265957507,0.0014903047985530896
"('B2', 'B6')",0.3875442232625219,0.0017626985524784658
"('B2', 'B9')",0.3869819357545364,0.0019184439224964505
"('B1', 'B6')",0.38652221155926486,0.0030252113666417576
"('B11', 'B5')",0.3845643997207384,0.0005069322959844075
"('B10', 'B4')",0.3820781801593413,0.0001247931892362021
"('B2', 'B8')",0.381929061044236,0.0011909228174589372
"('B2', 'B7')",0.3814186533561081,0.004180580428806584
"('B10', 'B2')",0.3745922825260673,0.0015208083345638352
"('B1', 'B7')",0.37360220289786605,0.0012982572910160857
"('B1', 'B9')",0.3727970638036749,0.0027341444019414896
"('B7', 'B8', 'B9')",0.37229600320073836,0.001740003485715563
"('B11', 'B4')",0.36624537146937436,0.0025897086733625767
"('B5', 'B1')",0.3630844746396331,0.0017472033624024792
"('B1', 'B8')",0.36275450629142547,0.0011479401327262554
"('B11', 'B3')",0.3604694594770886,0.003939579371134624
"('B4', 'B1')",0.3603044985173198,0.001493289656878524
"('B5', 'B4')",0.3598526276152451,0.002201407298804895
"('B6', 'B9')",0.35840762083605754,0.0017307830778173308
"('B4', 'B3')",0.358101275590452,0.0006066238204276334
"('B11', 'B1')",0.3538999979048671,0.004212823804662318
"('B7', 'B9')",0.3526199949471849,0.00022906699783903099
"('B6', 'B8')",0.3500695762433963,0.002153728052699328
"('B11', 'B2')",0.349896237749419,0.0018229910568745714
"('B5', 'B3')",0.34873916821678547,0.001849693434335715
"('B4', 'B2')",0.34859821742607044,0.002414756945794122
"('B5', 'B2')",0.3387776066525309,0.0013298438290734146
"('B3', 'B1')",0.3324103089926066,0.0016766594922075055
"('B2', 'B1')",0.3301424619358287,0.0024933452545366805
"('B3', 'B2')",0.3158095658888381,0.0010366625961806734
"('B7', 'B8')",0.24648034982283573,0.0011677525805503396
"('B8', 'B9')",0.2442120904186368,0.0035469361973624433
